{
  "total_samples": 1436,
  "mrr": 0.1645416289534779,
  "acc@1": 0.0967966573816156,
  "acc@5": 0.22493036211699163,
  "acc@10": 0.25835654596100277,
  "acc@20": 0.31545961002785516,
  "label_in_topk_rate": 0.31058495821727017,
  "avg_candidates": 150.02298050139277
}