{
  "total_samples": 11022,
  "mrr": 0.145425982190374,
  "acc@1": 0.061694792233714386,
  "acc@5": 0.24097260025403738,
  "acc@10": 0.2808020322990383,
  "acc@20": 0.31790963527490473,
  "label_in_topk_rate": 0.3145527127563056,
  "avg_candidates": 161.86880783886772
}